{"Episode/rew_feet_contact_number":0.016728727,"Loss/surrogate":-0.0016776574,"Episode/rew_default_joint_pos":0.0005213779,"Episode/rew_base_height":0.0014861543,"Loss/value_function":0.01370547,"Loss/learning_rate":0.0003844336,"Perf/learning_time":0.037523508,"Episode/rew_dof_acc":-0.0046676975,"Episode/rew_base_acc":6.845289e-05,"Episode/rew_vel_mismatch_exp":0.00486282,"Episode/rew_orientation":0.004055527,"Episode/rew_track_vel_hard":-0.01701247,"_runtime":19.688100921,"Episode/rew_feet_contact_forces":-0.008427256,"_wandb":{"runtime":19},"Episode/rew_action_smoothness":-0.0343853,"_step":66,"Episode/rew_tracking_lin_vel":0.013084078,"Episode/rew_feet_air_time":0.00106666,"Train/mean_reward":0.6059839,"Train/mean_reward/time":0.6059839,"_timestamp":1.742968045183319e+09,"Episode/rew_knee_distance":0.005966777,"Episode/rew_dof_vel":-0.005532249,"Episode/rew_tracking_ang_vel":0.004432118,"Episode/rew_foot_slip":-0.0019004733,"Episode/rew_torques":-0.0016684051,"Train/mean_episode_length/time":48.03,"Episode/rew_collision":-0.0009049601,"Episode/rew_low_speed":-0.005792992,"Episode/rew_feet_distance":0.006053039,"global_step":17,"Episode/rew_feet_clearance":0.0014316457,"Perf/total_fps":7690,"Perf/collection time":7.951501,"Policy/mean_noise_std":0.9961512,"Episode/rew_joint_pos":0.016554983,"Train/mean_episode_length":48.03}