{"_wandb":{"runtime":118},"Episode/rew_low_speed":-0.00627996,"Episode/rew_feet_clearance":0.00090306194,"Episode/rew_default_joint_pos":0.00095396704,"Episode/rew_feet_contact_number":0.015089169,"Episode/rew_collision":-0.0008671732,"Episode/rew_dof_acc":-0.0042780056,"Episode/rew_joint_pos":0.013745507,"Train/mean_episode_length":45.46,"Train/mean_reward/time":0.009201346,"Episode/rew_orientation":0.0061784945,"Episode/rew_track_vel_hard":-0.017106788,"Episode/rew_feet_air_time":0.0010149813,"Episode/rew_foot_slip":-0.0016070809,"Episode/rew_tracking_lin_vel":0.009826493,"Episode/rew_tracking_ang_vel":0.003668067,"Episode/rew_feet_contact_forces":-0.004452695,"Loss/learning_rate":0.0005766504,"_timestamp":1.7429550488574584e+09,"Perf/learning_time":0.4682901,"Episode/rew_knee_distance":0.0050310898,"Perf/total_fps":33703,"Episode/rew_feet_distance":0.0056188595,"Train/mean_episode_length/time":45.46,"Episode/rew_base_height":0.0010437748,"Episode/rew_vel_mismatch_exp":0.003852123,"Loss/value_function":0.002107055,"Perf/collection time":28.69914,"Policy/mean_noise_std":0.99694467,"Episode/rew_dof_vel":-0.005024251,"Episode/rew_base_acc":5.2075808e-05,"Loss/surrogate":-7.271945e-05,"global_step":115,"Episode/rew_torques":-0.0016472699,"_runtime":118.942389566,"Episode/rew_action_smoothness":-0.7693075,"Train/mean_reward":0.009201346,"_step":66}