{"Perf/collection time":5.5421934,"Episode/rew_dof_acc":-0.0038314932,"Episode/rew_feet_contact_forces":-0.010199854,"global_step":14,"Loss/surrogate":-0.001225722,"Train/mean_reward":0.62519723,"Episode/rew_feet_clearance":0.0014557121,"Perf/learning_time":0.03930211,"Episode/rew_torques":-0.0019129387,"Episode/rew_feet_contact_number":0.018563228,"Episode/rew_base_acc":7.976483e-05,"_wandb":{"runtime":17},"Loss/value_function":0.013965389,"Episode/rew_knee_distance":0.0064967214,"Episode/rew_tracking_ang_vel":0.005297657,"Train/mean_reward/time":0.62519723,"Episode/rew_vel_mismatch_exp":0.0056531793,"Train/mean_episode_length":53.45,"Episode/rew_collision":-0.0008959597,"Episode/rew_base_height":0.0016048152,"Episode/rew_feet_distance":0.0069530453,"Loss/learning_rate":0.00025628906,"Episode/rew_tracking_lin_vel":0.015235681,"Policy/mean_noise_std":0.99660766,"Perf/total_fps":11007,"Episode/rew_track_vel_hard":-0.018475335,"Episode/rew_feet_air_time":0.0011253034,"_step":65,"Episode/rew_low_speed":-0.006058989,"Episode/rew_orientation":0.0048842737,"_runtime":17.364987407,"Episode/rew_default_joint_pos":0.00057527696,"_timestamp":1.742968251932821e+09,"Train/mean_episode_length/time":53.45,"Episode/rew_foot_slip":-0.002190276,"Episode/rew_dof_vel":-0.0044605606,"Episode/rew_joint_pos":0.018209187,"Episode/rew_action_smoothness":-0.03895341}