{"Episode/rew_base_height":0.0014007214,"Episode/rew_default_joint_pos":0.0013803616,"Policy/mean_noise_std":0.99753284,"Episode/rew_orientation":0.007923935,"Perf/total_fps":22077,"Perf/collection time":2.7434652,"_timestamp":1.7429672373910422e+09,"Episode/rew_dof_acc":-0.00480165,"Episode/rew_knee_distance":0.005829106,"Episode/rew_feet_clearance":0.00023650209,"global_step":21,"Episode/rew_tracking_lin_vel":0.012876205,"Train/mean_reward":0.0069033946,"Loss/learning_rate":0.00086497556,"Episode/rew_foot_slip":-0.0018439076,"Train/mean_episode_length":51.08,"Episode/rew_base_acc":6.237484e-05,"Loss/surrogate":0.003973441,"Episode/rew_action_smoothness":-0.8532208,"Episode/rew_tracking_ang_vel":0.0041024825,"Episode/rew_torques":-0.0017865121,"Episode/rew_dof_vel":-0.0053372313,"Episode/rew_feet_contact_number":0.016140789,"_step":99,"Train/mean_reward/time":0.0069033946,"Episode/rew_low_speed":-0.0050244387,"Episode/rew_track_vel_hard":-0.020485526,"Episode/rew_feet_distance":0.005935486,"Episode/rew_collision":-0.00090407446,"Train/mean_episode_length/time":51.08,"_wandb":{"runtime":23},"Perf/learning_time":0.03947234,"Loss/value_function":0.0009875958,"_runtime":23.766421446,"Episode/rew_feet_air_time":0.0010907269,"Episode/rew_vel_mismatch_exp":0.0044903094,"Episode/rew_joint_pos":0.01537348,"Episode/rew_feet_contact_forces":-0.0054824734}