{"Perf/total_fps":6553,"Episode/rew_knee_distance":0.003852654,"Perf/learning_time":0.04089856,"Train/mean_episode_length":54.28,"Episode/rew_action_smoothness":-0.518463,"Episode/rew_feet_contact_forces":-0.0026870097,"Episode/rew_torques":-0.00092374795,"Perf/collection time":9.334705,"Episode/rew_feet_air_time":0.00062760786,"Episode/rew_base_acc":4.96756e-05,"_timestamp":1.7429552689279141e+09,"Episode/rew_joint_pos":0.011337201,"Episode/rew_track_vel_hard":-0.008944157,"Episode/rew_tracking_lin_vel":0.009595021,"Episode/rew_dof_vel":-0.002634083,"Episode/rew_collision":-0.0006537432,"Policy/mean_noise_std":1.0000422,"Episode/rew_default_joint_pos":0.0013819174,"_step":32,"Episode/rew_tracking_ang_vel":0.002955239,"Loss/value_function":0.0028405627,"Loss/surrogate":-0.0030569485,"Episode/rew_feet_distance":0.0036931136,"Episode/rew_foot_slip":-0.0011576229,"global_step":9,"Train/mean_reward/time":0.0091873575,"Episode/rew_dof_acc":-0.0021371152,"Episode/rew_feet_clearance":0.0006181351,"_runtime":11.04518786,"Episode/rew_orientation":0.007036296,"_wandb":{"runtime":11},"Episode/rew_base_height":0.0010060577,"Episode/rew_low_speed":-0.0037449603,"Episode/rew_feet_contact_number":0.010285742,"Train/mean_reward":0.0091873575,"Loss/learning_rate":0.00025628906,"Episode/rew_vel_mismatch_exp":0.002896615,"Train/mean_episode_length/time":54.28}