{"Episode/rew_feet_distance":0.006810344,"Episode/rew_base_acc":7.7899116e-05,"Episode/rew_joint_pos":0.019163756,"Perf/total_fps":24485,"Episode/rew_feet_contact_number":0.021121325,"Episode/rew_base_height":0.0018247153,"Loss/learning_rate":0.0012974634,"Episode/rew_foot_slip":-0.002253362,"Episode/rew_orientation":0.0048186276,"Episode/rew_dof_vel":-0.0051578297,"Loss/surrogate":-0.0032205684,"Train/mean_episode_length":61.53,"_wandb":{"runtime":23},"Perf/learning_time":0.05238557,"Train/mean_episode_length/time":61.53,"_runtime":23.361418431,"Episode/rew_vel_mismatch_exp":0.005884279,"Episode/rew_collision":-0.00090135477,"Policy/mean_noise_std":0.9701047,"Episode/rew_torques":-0.002006564,"_timestamp":1.7429680891819992e+09,"Episode/rew_feet_clearance":0.0015667736,"Episode/rew_track_vel_hard":-0.021882027,"Loss/value_function":0.017531434,"Episode/rew_tracking_lin_vel":0.015483094,"Episode/rew_tracking_ang_vel":0.0052901357,"Episode/rew_low_speed":-0.0057599824,"Perf/collection time":2.4568217,"Episode/rew_feet_air_time":0.0012335281,"Episode/rew_knee_distance":0.006837449,"Episode/rew_dof_acc":-0.0045774034,"Train/mean_reward/time":0.90311337,"_step":198,"Train/mean_reward":0.90311337,"Episode/rew_default_joint_pos":0.00061225996,"Episode/rew_feet_contact_forces":-0.010219793,"global_step":20,"Episode/rew_action_smoothness":-0.038385782}